{"stat.craftItem.50":16,"stat.useItem.130":2,"stat.useItem.3":75,"achievement.exploreAllBiomes":{"value":0,"progress":["Forest","Extreme Hills+","Deep Ocean","Flower Forest","Ocean","Extreme Hills","Plains","Beach","Birch Forest","Roofed Forest","River","Stone Beach"]},"stat.mineBlock.1":53,"stat.useItem.89":25,"achievement.openInventory":101,"stat.damageDealt":1160,"stat.mineBlock.31":1,"stat.useItem.50":157,"stat.useItem.49":24,"stat.useItem.323":7,"stat.useItem.5":1,"stat.useItem.16":1,"stat.useItem.270":15,"stat.fallOneCm":1724,"stat.flyOneCm":3336346,"achievement.buildWorkBench":1,"achievement.buildPickaxe":2,"stat.useItem.95":8,"stat.craftItem.271":1,"achievement.buildFurnace":1,"stat.damageTaken":23570,"stat.useItem.4":33,"stat.craftItem.58":1,"stat.craftItem.5":32,"stat.useItem.355":13,"stat.useItem.269":38,"stat.useItem.271":14,"stat.useItem.69":1,"stat.craftItem.272":1,"stat.craftItem.270":1,"stat.drop":37,"stat.useItem.70":12,"stat.useItem.29":4,"stat.leaveGame":33,"stat.diveOneCm":15684,"stat.useItem.330":7,"stat.useItem.154":1,"achievement.mineWood":8,"stat.useItem.54":1,"stat.mineBlock.17":8,"achievement.buildBetterPickaxe":1,"stat.useItem.41":118,"stat.killEntity.Spider":1,"achievement.killEnemy":4,"stat.useItem.61":1,"stat.useItem.272":4,"stat.useItem.85":8,"stat.mineBlock.70":1,"stat.playOneMinute":691373,"stat.useItem.278":2,"achievement.buildSword":1,"stat.killEntity.Pig":1,"stat.craftItem.275":1,"stat.craftItem.269":1,"stat.mineBlock.18":10,"stat.deaths":2,"stat.mineBlock.3":46,"stat.useItem.58":1,"stat.craftItem.280":20,"stat.swimOneCm":8348,"stat.mobKills":6,"stat.killEntity.Skeleton":3,"stat.walkOneCm":1154545,"stat.useItem.274":60,"stat.killEntity.Zombie":1,"stat.craftItem.54":1,"stat.useItem.67":97,"stat.useItem.7":60,"stat.jump":827,"stat.useItem.1":534,"stat.mineBlock.50":2,"stat.useItem.20":85,"stat.useItem.331":10,"stat.entityKilledBy.Zombie":2,"stat.useItem.137":8,"stat.mineBlock.4":2,"stat.craftItem.61":1,"stat.mineBlock.16":20,"stat.craftItem.274":1}