{"stat.useItem.139":224,"stat.killEntity.Sheep":3,"stat.useItem.3":141,"stat.useItem.351":333,"achievement.exploreAllBiomes":{"value":0,"progress":["Forest","Extreme Hills+","Deep Ocean","Flower Forest","Ocean","Extreme Hills","Plains","Beach","Birch Forest","Roofed Forest","Stone Beach","River"]},"stat.useItem.53":23,"stat.useItem.143":2,"stat.useItem.89":425,"stat.useItem.46":24,"achievement.openInventory":172,"stat.damageDealt":14110,"stat.useItem.97":14,"stat.useItem.96":59,"stat.useItem.50":118,"stat.useItem.49":4,"stat.useItem.5":241,"stat.useItem.323":9,"stat.useItem.355":16,"stat.fallOneCm":4689,"stat.flyOneCm":4161254,"stat.useItem.69":24,"stat.useItem.156":127,"stat.drop":18,"stat.damageTaken":1055,"stat.useItem.47":26,"stat.useItem.155":521,"stat.useItem.70":25,"stat.useItem.76":5,"stat.useItem.29":29,"stat.leaveGame":35,"stat.diveOneCm":112548,"stat.useItem.6":66,"stat.useItem.356":2,"stat.useItem.330":25,"achievement.mineWood":1,"stat.useItem.41":679,"stat.killEntity.Spider":14,"stat.useItem.109":120,"stat.useItem.85":23,"stat.useItem.277":6,"stat.killEntity.Creeper":13,"stat.useItem.383":28,"stat.playOneMinute":977056,"stat.useItem.278":11,"stat.useItem.123":1,"stat.mineBlock.18":5,"stat.deaths":1,"stat.mineBlock.3":10,"stat.swimOneCm":70297,"stat.mobKills":61,"stat.useItem.42":249,"stat.useItem.147":2,"stat.useItem.390":1,"stat.killEntity.Skeleton":9,"stat.walkOneCm":1410123,"stat.killEntity.Zombie":22,"stat.useItem.35":7,"stat.useItem.276":163,"stat.useItem.67":521,"stat.useItem.7":211,"stat.useItem.148":1,"stat.jump":1358,"stat.useItem.1":2752,"stat.useItem.20":524,"stat.useItem.331":128,"stat.useItem.137":11,"stat.useItem.102":2}