{
    "__createdwith": "opl's Model Creator",
    "ambientocclusion": false,
    "textures": {
        "particle": "blocks/door_jungle_lower",
        "texture": "blocks/door_jungle_lower"
    },
    "elements": [
        {
            "from": [0,0,0],
            "to": [6.5,16,3],
            "faces": {
                "west": {
                    "uv": [2.5,0,0,9.5],
                    "texture": "#texture"
                },
                "east": {
                    "uv": [2.5,0,0,9.5],
                    "texture": "#texture"
                },
                "north": {
                    "uv": [6.5,0,0,16],
                    "texture": "#texture"
                },
                "south": {
                    "uv": [0,0,6.5,16],
                    "texture": "#texture"
                }
            }
        },
        {
            "from": [10,0,0],
            "to": [16,16,3],
            "faces": {
                "west": {
                    "uv": [2.5,0,0,9.5],
                    "texture": "#texture"
                },
                "east": {
                    "uv": [2.5,0,0,9.5],
                    "texture": "#texture"
                },
                "north": {
                    "uv": [16,0,10,16],
                    "texture": "#texture"
                },
                "south": {
                    "uv": [10,0,16,16],
                    "texture": "#texture"
                }
            }
        },
        {
            "from": [6.5,0,0],
            "to": [10,9.5,3],
            "faces": {
                "up": {
                    "uv": [10,8.5,6.5,10.5],
                    "texture": "#texture"
                },
                "north": {
                    "uv": [10,6.5,6.5,16],
                    "texture": "#texture"
                },
                "south": {
                    "uv": [6.5,6.5,10,16],
                    "texture": "#texture"
                }
            }
        }
    ]
}