{
    "__createdwith": "opl's Model Creator",
    "ambientocclusion": false,
    "textures": {
        "texture": "blocks/door_jungle_upper",
        "particle": "blocks/door_jungle_upper"
    },
    "elements": [
        {
            "from": [10,0,0],
            "to": [16,16,3],
            "faces": {
                "up": {
                    "uv": [7,0,2,2.5],
                    "texture": "#texture"
                },
                "west": {
                    "uv": [2.5,0,0,16],
                    "texture": "#texture"
                },
                "east": {
                    "uv": [2.5,0,0,16],
                    "texture": "#texture"
                },
                "north": {
                    "uv": [16,0,10,16],
                    "texture": "#texture"
                },
                "south": {
                    "uv": [10,0,16,16],
                    "texture": "#particle"
                }
            }
        },
        {
            "from": [9.5,8.5,0],
            "to": [10,16,3],
            "faces": {
                "up": {
                    "uv": [3.5,0,3,2.5],
                    "texture": "#texture"
                },
                "down": {
                    "uv": [12.5,8.5,12,11],
                    "texture": "#texture"
                },
                "west": {
                    "uv": [2.5,0,0,7.5],
                    "texture": "#texture"
                },
                "east": {
                    "uv": [0,2.5,2.5,7.5],
                    "texture": "#texture"
                },
                "north": {
                    "uv": [10,0,9.5,7.5],
                    "texture": "#texture"
                },
                "south": {
                    "uv": [9.5,0,10,7.5],
                    "texture": "#particle"
                }
            }
        },
        {
            "from": [9,9.5,0],
            "to": [9.5,16,3],
            "faces": {
                "up": {
                    "uv": [7,0,6.5,2.5],
                    "texture": "#texture"
                },
                "down": {
                    "uv": [7,0,6.5,2.5],
                    "texture": "#texture"
                },
                "north": {
                    "uv": [9.5,0,9,6.5],
                    "texture": "#texture"
                },
                "south": {
                    "uv": [9,0,9.5,6.5],
                    "texture": "#particle"
                }
            }
        },
        {
            "from": [8.5,9.5,0],
            "to": [9,16,3],
            "faces": {
                "up": {
                    "uv": [11.5,0,11,2.5],
                    "texture": "#texture"
                },
                "down": {
                    "uv": [2.5,0,2,2.5],
                    "texture": "#texture"
                },
                "west": {
                    "uv": [2.5,0,0,6.5],
                    "texture": "#texture"
                },
                "east": {
                    "uv": [14,0,16,6.5],
                    "texture": "#texture"
                },
                "north": {
                    "uv": [9,0,8.5,6.5],
                    "texture": "#texture"
                },
                "south": {
                    "uv": [8.5,0,9,6.5],
                    "texture": "#particle"
                }
            }
        },
        {
            "from": [8,10,0],
            "to": [8.5,16,3],
            "faces": {
                "up": {
                    "uv": [14,0,13.5,2.5],
                    "texture": "#texture"
                },
                "down": {
                    "uv": [12.5,8.5,12,11],
                    "texture": "#texture"
                },
                "east": {
                    "texture": "#particle"
                },
                "north": {
                    "uv": [8.5,0,8,6],
                    "texture": "#texture"
                },
                "south": {
                    "uv": [8,0,8.5,6],
                    "texture": "#particle"
                }
            }
        },
        {
            "from": [7.5,9.5,0],
            "to": [8,16,3],
            "faces": {
                "up": {
                    "uv": [6,0,5.5,2.5],
                    "texture": "#texture"
                },
                "down": {
                    "uv": [2.5,0,2,2.5],
                    "texture": "#texture"
                },
                "west": {
                    "uv": [0,0,2.5,6.5],
                    "texture": "#texture"
                },
                "east": {
                    "uv": [3,0,0,6.5],
                    "texture": "#particle"
                },
                "north": {
                    "uv": [8,0,7.5,6.5],
                    "texture": "#texture"
                },
                "south": {
                    "uv": [7.5,0,8,6.5],
                    "texture": "#particle"
                }
            }
        },
        {
            "from": [7,9.5,0],
            "to": [7.5,16,3],
            "faces": {
                "up": {
                    "uv": [11,0,10.5,2.5],
                    "texture": "#texture"
                },
                "down": {
                    "uv": [11.5,0,11,2.5],
                    "texture": "#texture"
                },
                "east": {
                    "texture": "#particle"
                },
                "north": {
                    "uv": [7.5,0,7,6.5],
                    "texture": "#texture"
                },
                "south": {
                    "uv": [7,0,7.5,6.5],
                    "texture": "#particle"
                }
            }
        },
        {
            "from": [6.5,8.5,0],
            "to": [7,16,3],
            "faces": {
                "up": {
                    "uv": [11.5,0,11,2.5],
                    "texture": "#texture"
                },
                "down": {
                    "uv": [14,0,13.5,2.5],
                    "texture": "#texture"
                },
                "west": {
                    "uv": [0,0,2.5,7.5],
                    "texture": "#texture"
                },
                "east": {
                    "uv": [3,0,0,7.5],
                    "texture": "#particle"
                },
                "north": {
                    "uv": [7,0,6.5,7.5],
                    "texture": "#texture"
                },
                "south": {
                    "uv": [6.5,0,7,7.5],
                    "texture": "#texture"
                }
            }
        },
        {
            "from": [0,0,0],
            "to": [6.5,16,3],
            "faces": {
                "up": {
                    "uv": [14,0,9.5,2.5],
                    "texture": "#texture"
                },
                "west": {
                    "uv": [2.5,0,0,16],
                    "texture": "#texture"
                },
                "east": {
                    "uv": [2.5,0,0,16],
                    "texture": "#texture"
                },
                "north": {
                    "uv": [6.5,0,0,16],
                    "texture": "#texture"
                },
                "south": {
                    "uv": [0,0,6.5,16],
                    "texture": "#particle"
                }
            }
        }
    ]
}